{
    "Train Metrics": {
        "RMSE": 1821.3115476255175,
        "R2": 0.914974697483423,
        "Adjusted R2": 0.9138804207457579
    },
    "Test Metrics": {
        "RMSE": 1847.033328668405,
        "R2": 0.9122609040249923,
        "Adjusted R2": 0.9075689737589491
    }
}