{
    "Train Metrics": {
        "RMSE": 1666.8617007497528,
        "R2": 0.928783792969147,
        "Adjusted R2": 0.9278672394681065
    },
    "Test Metrics": {
        "RMSE": 1871.6718780837305,
        "R2": 0.9099044955377983,
        "Adjusted R2": 0.9050865541227073
    }
}